PLAYER NAME,YEAR,ROUNDS,AVERAGE,TOTAL SG:ARG,MEASURED ROUNDS,ROUNDS_x,AVERAGE_x,SG:OTT,SG:APR,SG:ARG,AVERAGE_y,TOTAL SG:T,TOTAL SG:T2G,TOTAL SG:P,AVERAGE_x,TOTAL SG:PUTTING,AVERAGE_y,TOTAL SG:APP,RANK FOLLOWING YEAR,RANK AS LABEL
Jason Day,2015,75,0.287,16.357,57,75,1.52,0.772,0.461,0.287,2.106,120.054,86.649,33.407,0.586,33.407,0.461,26.26,1,A
Dustin Johnson,2015,75,-0.212,-11.466,54,75,1.326,0.96,0.579,-0.212,1.455,78.552,71.623,6.932,0.128,6.932,0.579,31.252,2,A
Jordan Spieth,2015,91,0.471,31.054,66,91,1.583,0.494,0.618,0.471,2.154,142.131,104.47,37.665,0.571,37.665,0.618,40.776,4,A
Henrik Stenson,2015,63,0.082,3.604,44,63,1.774,0.448,1.244,0.082,2.21,97.245,78.041,19.205,0.436,19.205,1.244,54.732,5,A
Adam Scott,2015,51,-0.195,-6.238,32,51,0.601,0.682,0.114,-0.195,0.206,6.577,19.24,-12.662,-0.396,-12.662,0.114,3.659,6,A
Bubba Watson,2015,71,-0.002,-0.125,56,71,1.876,1.194,0.684,-0.002,2.088,116.927,105.053,11.875,0.212,11.875,0.684,38.329,7,A
Patrick Reed,2015,103,0.273,20.717,76,103,0.465,-0.071,0.263,0.273,0.859,65.248,35.333,29.919,0.394,29.919,0.263,19.985,8,A
Rickie Fowler,2015,76,0.066,3.751,57,76,0.779,0.123,0.59,0.066,1.088,62.024,44.412,17.616,0.309,17.616,0.59,33.657,9,A
Justin Rose,2015,69,0.228,11.195,49,69,1.471,0.55,0.692,0.228,1.493,73.18,72.06,1.123,0.023,1.123,0.692,33.923,11,A
Sergio Garcia,2015,59,0.157,5.669,36,59,1.067,0.442,0.468,0.157,1.045,37.624,38.412,-0.784,-0.022,-0.784,0.468,16.837,12,A
Paul Casey,2015,87,-0.182,-11.448,63,87,1.202,0.392,0.991,-0.182,1.216,76.616,75.709,0.911,0.014,0.911,0.991,62.461,13,A
Phil Mickelson,2015,70,0.225,12.387,55,70,0.319,0.072,0.022,0.225,0.581,31.955,17.541,14.421,0.262,14.421,0.022,1.206,15,A
Jimmy Walker,2015,89,0.068,4.357,64,89,0.241,-0.161,0.334,0.068,0.933,59.711,15.449,44.265,0.692,44.265,0.334,21.386,16,A
Matt Kuchar,2015,97,0.479,36.864,77,97,0.817,0.136,0.202,0.479,1.133,87.212,62.892,24.322,0.316,24.322,0.202,15.528,17,A
Hideki Matsuyama,2015,95,0.254,17.797,70,95,1.388,0.496,0.637,0.254,1.464,102.473,97.135,5.34,0.076,5.34,0.637,44.617,18,A
Russell Knox,2015,96,0.107,9.339,87,96,0.827,0.098,0.622,0.107,0.806,70.153,71.984,-1.826,-0.021,-1.826,0.622,54.145,19,A
Louis Oosthuizen,2015,68,0.088,4.126,47,68,0.825,0.339,0.397,0.088,0.605,28.413,38.757,-10.341,-0.22,-10.341,0.397,18.679,20,A
J.B. Holmes,2015,89,0.268,17.699,66,89,0.949,0.427,0.253,0.268,0.944,62.313,62.613,-0.296,-0.004,-0.296,0.253,16.717,21,B
Brooks Koepka,2015,84,0.052,3.405,65,84,0.66,0.407,0.2,0.052,1.081,70.245,42.877,27.372,0.421,27.372,0.2,12.999,22,B
Brandt Snedeker,2015,98,0.344,25.818,75,98,0.02,-0.126,-0.199,0.344,0.607,45.544,1.471,44.074,0.588,44.074,-0.199,-14.895,23,B
Charl Schwartzel,2015,67,0.092,3.762,41,67,0.629,0.669,-0.132,0.092,0.073,3.011,25.782,-22.769,-0.555,-22.769,-0.132,-5.425,24,B
Jim Furyk,2015,71,0.513,26.701,52,71,1.658,0.064,1.081,0.513,1.634,84.986,86.239,-1.252,-0.024,-1.252,1.081,56.199,26,B
Kevin Chappell,2015,86,0.148,11.095,75,86,0.202,0.16,-0.105,0.148,0.37,27.785,15.162,12.628,0.168,12.628,-0.105,-7.909,27,B
Zach Johnson,2015,90,0.236,16.512,70,90,1.081,0.24,0.605,0.236,1.12,78.417,75.643,2.778,0.04,2.778,0.605,42.346,28,B
Ryan Moore,2015,81,0.102,6.195,61,81,0.418,0.071,0.246,0.102,0.578,35.241,25.501,9.741,0.16,9.741,0.246,14.989,31,B
Justin Thomas,2015,106,0.188,18.081,96,106,0.926,0.352,0.385,0.188,0.968,92.893,88.883,4.012,0.042,4.012,0.385,36.987,33,B
Scott Piercy,2015,90,-0.172,-14.278,83,90,0.322,0.27,0.224,-0.172,0.329,27.272,26.744,0.534,0.006,0.534,0.224,18.599,34,B
Kevin Kisner,2015,104,-0.068,-6.349,94,104,0.389,0.316,0.141,-0.068,0.628,59.06,36.548,22.516,0.24,22.516,0.141,13.217,35,B
Daniel Berger,2015,97,-0.217,-17.979,83,97,0.682,0.372,0.526,-0.217,0.489,40.57,56.604,-16.03,-0.193,-16.03,0.526,43.686,36,B
Kevin Na,2015,98,0.66,46.826,71,98,0.711,-0.329,0.381,0.66,0.944,67.027,50.485,16.544,0.233,16.544,0.381,27.045,37,B
Bill Haas,2015,89,0.126,8.978,71,89,0.689,0.14,0.422,0.126,0.46,32.67,48.916,-16.243,-0.229,-16.243,0.422,29.975,39,B
William McGirt,2015,103,0.248,24.102,97,103,0.395,0.087,0.06,0.248,0.455,44.167,38.354,5.816,0.06,5.816,0.06,5.819,40,B
Francesco Molinari,2015,56,-0.037,-1.61,43,56,0.859,0.324,0.572,-0.037,0.604,25.981,36.93,-10.948,-0.255,-10.948,0.572,24.605,43,C
Gary Woodland,2015,81,-0.284,-15.346,54,81,0.121,0.177,0.227,-0.284,0.198,10.685,6.514,4.173,0.077,4.173,0.227,12.284,45,C
Lee Westwood,2015,56,-0.102,-3.276,32,56,0.283,0.094,0.292,-0.102,0.879,28.112,9.067,19.046,0.595,19.046,0.292,9.331,46,C
Charley Hoffman,2015,97,-0.338,-25.665,76,97,0.269,0.47,0.137,-0.338,0.335,25.442,20.473,4.973,0.065,4.973,0.137,10.407,51,C
Marc Leishman,2015,74,0.102,5.51,54,74,0.322,0.021,0.199,0.102,0.302,16.304,17.4,-1.093,-0.02,-1.093,0.199,10.751,52,C
Danny Lee,2015,120,-0.062,-6.249,100,120,0.354,-0.301,0.718,-0.062,0.729,72.89,35.448,37.446,0.374,37.446,0.718,71.791,54,C
David Lingmerth,2015,90,-0.025,-1.859,74,90,0.366,0.379,0.013,-0.025,0.405,29.985,27.089,2.899,0.039,2.899,0.013,0.928,57,C
Daniel Summerhays,2015,101,-0.186,-16.569,89,101,-0.103,-0.111,0.194,-0.186,0.541,48.137,-9.194,57.333,0.644,57.333,0.194,17.241,59,C
Jason Dufner,2015,76,0.281,13.474,48,76,0.922,0.242,0.399,0.281,0.222,10.634,44.236,-33.598,-0.7,-33.598,0.399,19.149,60,C
James Hahn,2015,94,0.065,5.103,78,94,0.307,0.106,0.135,0.065,0.355,27.682,23.949,3.736,0.048,3.736,0.135,10.535,61,D
Ryan Palmer,2015,80,-0.072,-3.889,54,80,0.813,0.356,0.529,-0.072,0.96,51.852,43.921,7.937,0.147,7.937,0.529,28.555,63,D
Harris English,2015,105,0,0.03,88,105,0.217,0.009,0.207,0,0.777,68.373,19.079,49.298,0.56,49.298,0.207,18.24,64,D
Roberto Castro,2015,54,0.187,6.717,36,54,0.612,0.079,0.347,0.187,-0.12,-4.304,22.045,-26.348,-0.732,-26.348,0.347,12.499,66,D
Webb Simpson,2015,81,0.539,34.496,64,81,1.346,0.225,0.582,0.539,0.7,44.777,86.154,-41.374,-0.646,-41.374,0.582,37.224,67,D
Luke Donald,2015,71,0.514,27.782,54,71,0.295,-0.793,0.573,0.514,0.584,31.525,15.948,15.579,0.289,15.579,0.573,30.959,68,D
Billy Horschel,2015,99,-0.301,-21.981,73,99,0.202,0.366,0.137,-0.301,0.446,32.594,14.757,17.841,0.244,17.841,0.137,10.025,70,D
Fabián Gómez,2015,83,-0.113,-7.828,69,83,-0.386,-0.216,-0.057,-0.113,-0.324,-22.352,-26.634,4.288,0.062,4.288,-0.057,-3.901,71,D
Jhonattan Vegas,2015,90,-0.212,-15.23,72,90,-0.353,0.173,-0.314,-0.212,-0.267,-19.223,-25.387,6.165,0.086,6.165,-0.314,-22.632,72,D
Chris Kirk,2015,76,0.198,11.097,56,76,0.35,-0.15,0.302,0.198,0.414,23.201,19.572,3.632,0.065,3.632,0.302,16.891,73,D
Sean O'Hair,2015,86,0.142,11.513,81,86,0.012,0.153,-0.284,0.142,0.18,14.606,0.953,13.657,0.169,13.657,-0.284,-22.966,75,D
Tony Finau,2015,106,0.027,2.526,92,106,0.634,0.383,0.224,0.027,0.628,57.797,58.336,-0.533,-0.006,-0.533,0.224,20.609,76,D
Robert Streb,2015,110,0.228,21.918,96,110,0.712,0.309,0.175,0.228,1.093,104.938,68.382,36.561,0.381,36.561,0.175,16.788,78,D
Jim Herman,2015,88,-0.345,-26.579,77,88,0.407,0.467,0.285,-0.345,0.376,28.983,31.329,-2.341,-0.03,-2.341,0.285,21.972,81,D
Jason Kokrak,2015,88,-0.144,-11.516,80,88,0.306,0.464,-0.014,-0.144,0.293,23.479,24.475,-0.993,-0.012,-0.993,-0.014,-1.123,86,D
Brendan Steele,2015,88,0.041,3.097,76,88,1.005,0.363,0.6,0.041,0.958,72.798,76.351,-3.547,-0.047,-3.547,0.6,45.627,87,D
Matt Jones,2015,89,0.333,22.303,67,89,0.263,0.249,-0.319,0.333,0.664,44.474,17.609,26.87,0.401,26.87,-0.319,-21.38,94,D
Jamie Donaldson,2015,50,0.046,1.469,32,50,-0.008,0.095,-0.15,0.046,0.341,10.915,-0.263,11.182,0.349,11.182,-0.15,-4.785,95,D
Jon Curran,2015,83,0.27,17.554,65,83,-0.059,-0.406,0.077,0.27,-0.088,-5.705,-3.852,-1.848,-0.028,-1.848,0.077,4.994,96,D
Charles Howell III,2015,105,0.059,5.857,99,105,0.599,0.34,0.199,0.059,0.383,37.878,59.277,-21.395,-0.216,-21.395,0.199,19.739,98,D
Russell Henley,2015,87,-0.191,-12.778,67,87,-0.116,0.343,-0.269,-0.191,0.462,30.964,-7.805,38.773,0.579,38.773,-0.269,-18.007,102,E
Jerry Kelly,2015,79,0.166,10.938,66,79,0.186,0.073,-0.052,0.166,0.436,28.793,12.305,16.49,0.25,16.49,-0.052,-3.428,103,E
Colt Knost,2015,90,-0.085,-6.273,74,90,-0.152,-0.084,0.017,-0.085,0.196,14.488,-11.244,25.734,0.348,25.734,0.017,1.266,106,E
Kevin Streelman,2015,95,-0.216,-15.76,73,95,0.352,0.563,0.005,-0.216,0.133,9.713,25.694,-15.978,-0.219,-15.978,0.005,0.379,106,E
Kyle Reifers,2015,96,0.076,6.112,80,96,0.101,0.108,-0.084,0.076,0.136,10.903,8.05,2.855,0.036,2.855,-0.084,-6.715,112,E
Ryo Ishikawa,2015,90,0.025,1.869,75,90,0.052,-0.408,0.436,0.025,-0.051,-3.848,3.914,-7.76,-0.103,-7.76,0.436,32.67,113,E
Ian Poulter,2015,68,0.147,7.078,48,68,0.329,-0.054,0.235,0.147,0.554,26.602,15.785,10.82,0.225,10.82,0.235,11.296,115,E
David Hearn,2015,97,-0.029,-2.474,85,97,-0.002,-0.216,0.243,-0.029,0.356,30.278,-0.159,30.442,0.358,30.442,0.243,20.659,117,E
John Senden,2015,80,-0.017,-0.859,51,80,0.142,0.331,-0.171,-0.017,0.082,4.159,7.265,-3.103,-0.061,-3.103,-0.171,-8.742,118,E
K.J. Choi,2015,66,0.21,11.949,57,66,-0.159,-0.522,0.153,0.21,0.256,14.595,-9.082,23.677,0.415,23.677,0.153,8.72,119,E
Keegan Bradley,2015,87,0.263,16.862,64,87,1.088,0.436,0.389,0.263,1.018,65.156,69.635,-4.473,-0.07,-4.473,0.389,24.878,120,E
Billy Hurley III,2015,83,0.098,6.16,63,83,-0.423,-0.635,0.114,0.098,-0.112,-7.083,-26.677,19.597,0.311,19.597,0.114,7.164,121,E
Ben Martin,2015,93,-0.1,-7.676,77,93,0.153,-0.016,0.268,-0.1,0.28,21.53,11.785,9.748,0.127,9.748,0.268,20.673,122,E
Brian Harman,2015,90,0.03,2.366,78,90,0.177,0.322,-0.176,0.03,0.413,32.185,13.799,18.39,0.236,18.39,-0.176,-13.714,123,E
Patrick Rodgers,2015,57,-0.09,-4.162,46,57,0.133,0.68,-0.456,-0.09,0.129,5.956,6.113,-0.153,-0.003,-0.153,-0.456,-20.998,125,E
Troy Merritt,2015,91,-0.054,-4.405,82,91,-0.579,-0.326,-0.199,-0.054,-0.195,-15.992,-47.448,31.459,0.384,31.459,-0.199,-16.322,126,E
Alex Cejka,2015,94,0.135,10.649,79,94,0.015,-0.233,0.113,0.135,-0.217,-17.158,1.178,-18.331,-0.232,-18.331,0.113,8.966,129,E
Brian Stuard,2015,97,-0.052,-4.108,79,97,-0.356,-0.103,-0.2,-0.052,-0.24,-18.951,-28.093,9.144,0.116,9.144,-0.2,-15.814,130,E
Chez Reavie,2015,56,-0.34,-17.004,50,56,0.342,0.384,0.298,-0.34,0.08,4.021,17.114,-13.09,-0.262,-13.09,0.298,14.893,135,E
Bryce Molder,2015,91,0.156,11.99,77,91,-0.319,-0.294,-0.181,0.156,0.189,14.528,-24.572,39.105,0.508,39.105,-0.181,-13.911,136,E
Vijay Singh,2015,78,0.241,16.607,69,78,0.812,0.152,0.42,0.241,0.302,20.808,56.047,-35.238,-0.511,-35.238,0.42,28.96,137,E
Jason Bohn,2015,95,-0.042,-3.618,87,95,0.538,0.019,0.561,-0.042,0.777,67.614,46.844,20.775,0.239,20.775,0.561,48.838,138,E
Aaron Baddeley,2015,76,0.37,24.399,66,76,-0.945,-0.596,-0.719,0.37,-0.223,-14.727,-62.372,47.649,0.722,47.649,-0.719,-47.452,139,E
Padraig Harrington,2015,60,0.336,16.444,49,60,-0.263,-0.434,-0.165,0.336,-0.756,-37.055,-12.904,-24.148,-0.493,-24.148,-0.165,-8.099,141,E
Martin Laird,2015,77,-0.019,-1.354,73,77,0.206,-0.078,0.302,-0.019,0.306,22.332,15.017,7.32,0.1,7.32,0.302,22.049,143,E
Cameron Tringale,2015,96,0.373,29.438,79,96,0.244,-0.074,-0.054,0.373,0.369,29.152,19.283,9.874,0.125,9.874,-0.054,-4.279,144,E
Graham DeLaet,2015,65,-0.056,-3.034,54,65,0.299,0.027,0.328,-0.056,0.287,15.487,16.126,-0.636,-0.012,-0.636,0.328,17.714,154,E
Retief Goosen,2015,81,-0.039,-2.32,60,81,-0.365,-0.271,-0.056,-0.039,-0.338,-20.298,-21.898,1.602,0.027,1.602,-0.056,-3.346,155,E
Johnson Wagner,2015,68,-0.201,-11.477,57,68,-0.108,-0.013,0.106,-0.201,0.095,5.419,-6.15,11.571,0.203,11.571,0.106,6.047,156,E
Scott Brown,2015,97,-0.111,-8.955,81,97,0.216,0.296,0.031,-0.111,0.185,14.987,17.487,-2.495,-0.031,-2.495,0.031,2.498,165,E
Jonas Blixt,2015,78,0.209,10.862,52,78,-0.562,-0.115,-0.655,0.209,-0.44,-22.867,-29.21,6.345,0.122,6.345,-0.655,-34.079,171,E
Ricky Barnes,2015,82,0.336,21.182,63,82,-0.555,-0.819,-0.072,0.336,-0.396,-24.932,-34.98,10.048,0.159,10.048,-0.072,-4.545,175,E
Chad Campbell,2015,97,0.159,14.485,91,97,0.482,0.13,0.192,0.159,0.437,39.742,43.819,-4.074,-0.045,-4.074,0.192,17.491,178,E
Steven Bowditch,2015,103,0.253,22.27,88,103,0.256,-0.053,0.056,0.253,0.4,35.219,22.536,12.687,0.144,12.687,0.056,4.961,183,E
Will Wilcox,2015,58,0.058,2.36,41,58,0.863,0.662,0.144,0.058,1.186,48.615,35.396,13.22,0.322,13.22,0.144,5.899,185,E
Adam Hadwin,2015,95,0.044,3.53,81,95,-0.051,0.088,-0.183,0.044,0.183,14.861,-4.165,19.029,0.235,19.029,-0.183,-14.805,188,E
Boo Weekley,2015,79,0.015,1.004,67,79,0.671,0.548,0.108,0.015,0.425,28.496,44.965,-16.467,-0.246,-16.467,0.108,7.226,191,E
Hudson Swafford,2015,97,-0.404,-33.52,83,97,-0.022,0.273,0.109,-0.404,0.338,28.065,-1.829,29.896,0.36,29.896,0.109,9.051,199,E
Spencer Levin,2015,99,-0.25,-20.752,83,99,0.135,0.204,0.181,-0.25,0.07,5.794,11.205,-5.408,-0.065,-5.408,0.181,15.008,200,E
Chris Stroud,2015,84,0.295,20.046,68,84,0.178,-0.249,0.132,0.295,0.002,0.154,12.108,-11.95,-0.176,-11.95,0.132,8.959,206,F
Robert Garrigus,2015,70,-0.217,-11.944,55,70,-0.189,0.345,-0.318,-0.217,-0.887,-48.76,-10.416,-38.341,-0.697,-38.341,-0.318,-17.475,209,F
Martin Flores,2015,95,0.047,3.713,79,95,0.255,0.349,-0.142,0.047,0.038,3.038,20.111,-17.069,-0.216,-17.069,-0.142,-11.209,210,F
Michael Thompson,2015,83,0.041,3.064,75,83,-0.349,-0.089,-0.301,0.041,-0.195,-14.651,-26.155,11.506,0.153,11.506,-0.301,-22.545,217,F
David Toms,2015,62,0.248,13.645,55,62,0.178,-0.041,-0.028,0.248,0.076,4.198,9.806,-5.604,-0.102,-5.604,-0.028,-1.565,221,F
Zac Blair,2015,108,0.131,11.51,88,108,-0.356,-0.299,-0.188,0.131,0.171,15.011,-31.344,46.359,0.527,46.359,-0.188,-16.546,223,F
Morgan Hoffmann,2015,85,0.343,23.658,69,85,-0.035,-0.032,-0.347,0.343,0.196,13.547,-2.432,15.981,0.232,15.981,-0.347,-23.909,224,F
John Huh,2015,102,-0.03,-2.657,89,102,-0.191,-0.041,-0.12,-0.03,0.088,7.865,-17.001,24.869,0.279,24.869,-0.12,-10.665,231,F
Greg Chalmers,2015,58,-0.028,-1.001,36,58,-1.133,-0.323,-0.782,-0.028,-0.605,-21.766,-40.792,19.028,0.529,19.028,-0.782,-28.157,234,F
Lucas Glover,2015,79,-0.111,-7.994,72,79,1.17,0.591,0.691,-0.111,-0.181,-13.006,84.256,-97.258,-1.351,-97.258,0.691,49.722,235,F
Blayne Barber,2015,76,-0.154,-9.704,63,76,-0.297,0.208,-0.352,-0.154,0.015,0.97,-18.726,19.696,0.313,19.696,-0.352,-22.16,238,F
Davis Love III,2015,51,0.116,4.854,42,51,-0.031,0.189,-0.335,0.116,-0.377,-15.839,-1.283,-14.555,-0.347,-14.555,-0.335,-14.075,248,F
Geoff Ogilvy,2015,50,0.039,1.376,35,50,0.26,0.138,0.082,0.039,-0.432,-15.134,9.09,-24.221,-0.692,-24.221,0.082,2.87,250,F
Tyrone Van Aswegen,2015,58,0.181,7.601,42,58,-0.428,-1.081,0.471,0.181,-0.58,-24.374,-17.992,-6.379,-0.152,-6.379,0.471,19.795,254,F
Ken Duke,2015,93,-0.248,-19.32,78,93,-0.156,0.067,0.025,-0.248,-0.378,-29.466,-12.169,-17.294,-0.222,-17.294,0.025,1.92,255,F
Stewart Cink,2015,77,-0.282,-18.602,66,77,0.367,0.087,0.561,-0.282,0.468,30.9,24.191,6.712,0.102,6.712,0.561,37.026,261,F
Greg Owen,2015,58,0.129,5.166,40,58,0.572,0.036,0.407,0.129,-0.226,-9.025,22.895,-31.917,-0.798,-31.917,0.407,16.27,262,F
Derek Fathauer,2015,81,0.179,11.822,66,81,-0.474,-0.455,-0.198,0.179,-0.173,-11.438,-31.27,19.834,0.301,19.834,-0.198,-13.08,265,F
Shawn Stefani,2015,94,-0.192,-16.938,88,94,0.423,0.332,0.283,-0.192,0.497,43.779,37.244,6.539,0.074,6.539,0.283,24.931,266,F
Andres Gonzales,2015,90,0.022,1.635,76,90,-0.714,-0.386,-0.349,0.022,-0.537,-40.779,-54.259,13.481,0.177,13.481,-0.349,-26.528,267,F
Hunter Mahan,2015,88,0.003,0.163,65,88,-0.27,-0.023,-0.249,0.003,0.12,7.805,-17.541,25.348,0.39,25.348,-0.249,-16.199,272,F
Jason Gore,2015,76,-0.393,-22.777,58,76,0.157,0.284,0.266,-0.393,0.089,5.189,9.104,-3.911,-0.067,-3.911,0.266,15.406,272,F
Whee Kim,2015,71,-0.043,-2.411,56,71,0.081,-0.201,0.324,-0.043,-0.013,-0.726,4.513,-5.235,-0.093,-5.235,0.324,18.153,281,F
Ernie Els,2015,57,0.102,3.992,39,57,0.009,-0.285,0.192,0.102,-0.6,-23.4,0.364,-23.764,-0.609,-23.764,0.192,7.472,282,F
Steve Wheatcroft,2015,87,-0.082,-5.894,72,87,-0.383,0.148,-0.45,-0.082,-0.038,-2.754,-27.601,24.849,0.345,24.849,-0.45,-32.378,283,F
Scott Stallings,2015,60,-0.052,-2.534,49,60,-0.166,-0.061,-0.053,-0.052,-0.558,-27.329,-8.117,-19.208,-0.392,-19.208,-0.053,-2.609,287,F
Chad Collins,2015,79,0.205,12.921,63,79,0.201,-0.25,0.246,0.205,0.214,13.454,12.679,0.778,0.012,0.778,0.246,15.497,297,F
Nick Watney,2015,91,0.112,9.102,81,91,0.661,0.31,0.238,0.112,0.258,20.876,53.541,-32.658,-0.403,-32.658,0.238,19.293,298,F
George McNeill,2015,93,-0.071,-6.362,89,93,0.351,-0.223,0.645,-0.071,0.563,50.107,31.233,18.879,0.212,18.879,0.645,57.401,299,F
Seung-Yul Noh,2015,65,0.188,10.159,54,65,-0.22,-0.555,0.147,0.188,-0.154,-8.337,-11.887,3.552,0.066,3.552,0.147,7.919,300,F
Dustin Johnson,2016,87,0.066,4.13,63,87,1.646,1.117,0.43,0.066,1.928,121.436,103.706,17.729,0.281,17.729,0.43,27.073,1,A
Jordan Spieth,2016,80,0.264,15.318,58,80,0.811,0.402,0.145,0.264,1.569,91.007,47.052,43.954,0.758,43.954,0.145,8.436,2,A
Hideki Matsuyama,2016,76,0.015,0.876,58,76,1.315,0.527,0.774,0.015,1.29,74.811,76.281,-1.472,-0.025,-1.472,0.774,44.865,3,A
Justin Thomas,2016,99,-0.017,-1.31,75,99,0.506,0.029,0.494,-0.017,0.32,24.034,37.927,-13.896,-0.185,-13.896,0.494,37.049,4,A
Rory McIlroy,2016,69,0.211,10.122,48,69,1.888,1.23,0.447,0.211,1.681,80.664,90.6,-9.939,-0.207,-9.939,0.447,21.439,6,A
Jason Day,2016,76,0.375,20.226,54,76,0.987,0.186,0.426,0.375,2.118,114.345,53.3,61.042,1.13,61.042,0.426,23.028,7,A
Rickie Fowler,2016,80,0.387,24.759,64,80,1.224,0.529,0.308,0.387,1.378,88.176,78.366,9.807,0.153,9.807,0.308,19.738,8,A
Sergio Garcia,2016,54,-0.031,-0.963,31,54,1.189,0.737,0.482,-0.031,0.801,24.818,36.845,-12.029,-0.388,-12.029,0.482,14.951,10,A
Brooks Koepka,2016,75,-0.033,-1.956,60,75,0.648,0.542,0.139,-0.033,1.092,65.547,38.862,26.681,0.445,26.681,0.139,8.322,11,A
Matt Kuchar,2016,100,0.242,18.633,77,100,0.933,0.364,0.326,0.242,1.314,101.155,71.814,29.342,0.381,29.342,0.326,25.122,12,A
Justin Rose,2016,65,0.237,11.618,49,65,1.325,0.678,0.409,0.237,1.128,55.269,64.906,-9.639,-0.197,-9.639,0.409,20.058,13,A
Paul Casey,2016,77,0.15,8.552,57,77,1.26,0.494,0.616,0.15,1.372,78.202,71.815,6.384,0.112,6.384,0.616,35.09,15,A
Marc Leishman,2016,89,0.191,12.427,65,89,0.258,0.159,-0.092,0.191,0.51,33.118,16.766,16.35,0.252,16.35,-0.092,-6.003,16,A
Francesco Molinari,2016,64,0.183,10.416,57,64,0.859,0.192,0.484,0.183,0.562,32.042,48.935,-16.896,-0.296,-16.896,0.484,27.6,18,A
Patrick Reed,2016,105,0.406,31.651,78,105,0.746,0.183,0.158,0.406,1.026,80.018,58.213,21.805,0.28,21.805,0.158,12.318,20,A
Louis Oosthuizen,2016,63,0.17,7.132,42,63,0.857,0.387,0.3,0.17,0.836,35.11,36.007,-0.898,-0.021,-0.898,0.3,12.613,21,B
Adam Scott,2016,79,0.049,2.743,56,79,2.062,0.522,1.491,0.049,1.894,106.049,115.451,-9.406,-0.168,-9.406,1.491,83.505,22,B
Charley Hoffman,2016,91,-0.085,-6.023,71,91,0.617,0.384,0.161,-0.085,0.525,37.274,43.791,-6.516,-0.092,-6.516,0.161,11.419,23,B
Kevin Kisner,2016,97,-0.331,-24.128,73,97,-0.124,0.348,-0.142,-0.331,0.548,39.993,-9.059,49.051,0.672,49.051,-0.142,-10.345,24,B
Daniel Berger,2016,92,-0.1,-7.22,72,92,0.718,0.329,0.49,-0.1,0.893,64.31,51.681,12.627,0.175,12.627,0.49,35.251,25,B
Kevin Chappell,2016,93,0.126,9.816,78,93,1.077,0.317,0.634,0.126,0.77,60.076,84.022,-23.948,-0.307,-23.948,0.634,49.464,26,B
Charl Schwartzel,2016,73,0.224,12.567,56,73,1.18,0.304,0.652,0.224,1.043,58.409,66.059,-7.649,-0.137,-7.649,0.652,36.491,27,B
Brian Harman,2016,104,0.12,11.073,92,104,-0.296,0.27,-0.611,0.12,0.169,15.534,-27.23,42.762,0.465,42.762,-0.611,-56.204,28,B
Phil Mickelson,2016,75,0.218,12.872,59,75,0.799,-0.145,0.726,0.218,1.364,80.465,47.128,33.335,0.565,33.335,0.726,42.84,30,B
Jason Dufner,2016,105,0.081,6.398,79,105,0.84,0.29,0.469,0.081,0.488,38.534,66.397,-27.865,-0.353,-27.865,0.469,37.078,34,B
Webb Simpson,2016,70,0.276,15.981,58,70,1.149,0.146,0.728,0.276,0.667,38.703,66.647,-27.946,-0.482,-27.946,0.728,42.216,37,B
Jhonattan Vegas,2016,97,-0.112,-9.097,81,97,0.498,0.589,0.18,-0.112,0.571,46.211,40.372,5.836,0.072,5.836,0.18,14.61,38,B
Si Woo Kim,2016,113,0.403,39.876,99,113,0.605,0.257,-0.168,0.403,0.503,49.825,59.872,-10.05,-0.102,-10.05,-0.168,-16.591,39,B
Bill Haas,2016,86,0.353,22.597,64,86,0.693,0.068,0.272,0.353,0.519,33.203,44.357,-11.157,-0.174,-11.157,0.272,17.432,40,B
Brandt Snedeker,2016,93,0.32,23.992,75,93,0.573,-0.059,0.164,0.32,0.968,72.577,42.974,29.605,0.395,29.605,0.164,12.263,41,C
Branden Grace,2016,63,0.032,1.333,42,63,0.96,0.326,0.603,0.032,0.855,35.923,40.325,-4.403,-0.105,-4.403,0.603,25.314,42,C
Zach Johnson,2016,90,0.321,23.428,73,90,0.214,-0.269,0.163,0.321,0.609,44.452,15.635,28.816,0.395,28.816,0.163,11.871,43,C
Russell Henley,2016,76,-0.038,-2.607,69,76,0.366,0.269,0.136,-0.038,0.56,38.611,25.283,13.327,0.193,13.327,0.136,9.35,44,C
Gary Woodland,2016,95,0.088,6.857,78,95,1.065,0.695,0.522,0.088,0.903,70.408,83.043,-12.638,-0.162,-12.638,0.522,40.696,45,C
Ryan Moore,2016,86,0.237,15.417,65,86,0.544,-0.112,0.418,0.237,0.895,58.17,35.337,22.831,0.351,22.831,0.418,27.196,46,C
Adam Hadwin,2016,93,-0.081,-7.135,88,93,-0.011,0.223,-0.055,-0.081,0.519,45.7,-0.977,46.675,0.53,46.675,-0.055,-4.87,47,C
Jimmy Walker,2016,85,0.225,16.002,71,85,0.671,0.044,0.69,0.225,0.892,63.348,47.61,15.737,0.222,15.737,0.69,48.965,48,C
Tony Finau,2016,95,-0.045,-3.48,78,95,0.216,0.365,-0.247,-0.045,0.128,9.997,16.832,-6.838,-0.088,-6.838,-0.247,-19.249,49,C
Billy Horschel,2016,73,-0.102,-5.816,57,73,0.717,0.201,0.422,-0.102,0.829,47.25,40.844,6.405,0.112,6.405,0.422,24.079,50,C
Kyle Stanley,2016,92,-0.07,-5.559,79,92,0.279,0.041,0.262,-0.07,0.176,13.91,22.009,-8.1,-0.103,-8.1,0.262,20.666,54,C
Bubba Watson,2016,72,-0.017,-0.878,51,72,1.359,0.983,0.393,-0.017,0.992,50.598,69.29,-18.693,-0.367,-18.693,0.393,20.032,57,C
J.B. Holmes,2016,77,0.233,14.221,61,77,0.633,0.663,-0.151,0.233,0.504,30.749,38.635,-7.886,-0.129,-7.886,-0.151,-9.241,58,C
Brendan Steele,2016,88,-0.188,-12.978,69,88,0.542,0.331,0.238,-0.188,0.255,17.624,37.391,-19.769,-0.287,-19.769,0.238,16.438,59,C
Emiliano Grillo,2016,93,-0.167,-12.198,73,93,0.534,0.446,0.255,-0.167,0.479,34.949,39.004,-4.058,-0.056,-4.058,0.255,18.617,60,C
Russell Knox,2016,92,0.073,4.744,65,92,0.56,0.13,0.356,0.073,0.506,32.876,36.373,-3.5,-0.054,-3.5,0.356,23.16,61,D
Charles Howell III,2016,91,0.323,25.503,79,91,0.549,0.039,0.046,0.323,0.701,55.37,43.367,11.999,0.152,11.999,0.046,3.667,63,D
James Hahn,2016,85,0.135,9.451,70,85,0.043,0.1,-0.082,0.135,-0.199,-13.943,3.043,-16.989,-0.243,-16.989,-0.082,-5.724,66,D
Kevin Na,2016,96,0.087,6.001,69,96,0.553,-0.322,0.788,0.087,0.627,43.284,38.144,5.14,0.074,5.14,0.788,54.394,67,D
Anirban Lahiri,2016,72,-0.08,-3.854,48,72,0.088,0.025,0.143,-0.08,0.068,3.244,4.203,-0.959,-0.02,-0.959,0.143,6.851,68,D
William McGirt,2016,98,-0.029,-2.513,88,98,0.598,0.37,0.256,-0.029,0.958,84.268,52.598,31.667,0.36,31.667,0.256,22.517,69,D
Sean O'Hair,2016,89,0.024,2.047,84,89,0.163,0.325,-0.187,0.024,0.371,31.161,13.685,17.474,0.208,17.474,-0.187,-15.684,75,D
Hudson Swafford,2016,104,-0.561,-51.636,92,104,0.093,0.497,0.32,-0.561,0.298,27.408,8.542,18.864,0.205,18.864,0.32,29.406,79,D
Steve Stricker,2016,53,0.544,24.461,45,53,0.101,-0.44,-0.003,0.544,0.721,32.433,4.539,27.895,0.62,27.895,-0.003,-0.14,80,D
Jamie Lovemark,2016,91,0.294,24.368,83,91,0.373,0.609,-0.459,0.294,0.504,41.868,30.957,10.909,0.131,10.909,-0.459,-38.098,81,D
Scott Piercy,2016,87,0.002,0.154,65,87,0.479,0.608,0.116,0.002,0.187,12.175,31.141,-18.967,-0.292,-18.967,0.116,7.535,85,D
Shane Lowry,2016,57,0.139,5.159,37,57,0.556,0.296,-0.18,0.139,0.669,24.752,20.572,4.18,0.113,4.18,-0.18,-6.677,87,D
Martin Laird,2016,82,0.053,3.777,71,82,0.148,-0.178,0.313,0.053,0.306,21.713,10.51,11.202,0.158,11.202,0.313,22.21,91,D
Keegan Bradley,2016,82,0.205,12.902,63,82,0.929,0.305,0.419,0.205,0.298,18.777,58.524,-39.747,-0.631,-39.747,0.419,26.389,92,D
Lucas Glover,2016,75,-0.11,-7.376,67,75,0.764,0.565,0.308,-0.11,0.572,38.306,51.171,-12.866,-0.192,-12.866,0.308,20.668,93,D
Sung Kang,2016,89,-0.053,-3.882,73,89,-0.182,-0.009,-0.121,-0.053,0.004,0.285,-13.321,13.606,0.186,13.606,-0.121,-8.81,95,D
Danny Lee,2016,93,0.02,1.407,71,93,0.489,0.108,0.205,0.02,0.268,19.052,34.748,-15.698,-0.221,-15.698,0.205,14.559,96,D
Graham DeLaet,2016,70,-0.567,-33.477,59,70,0.347,0.444,0.662,-0.567,0.12,7.081,20.45,-13.371,-0.227,-13.371,0.662,39.031,98,D
Chez Reavie,2016,90,-0.068,-5.134,76,90,0.762,0.262,0.567,-0.068,0.5,37.963,57.877,-19.913,-0.262,-19.913,0.567,43.075,100,D
Jason Kokrak,2016,89,-0.238,-17.84,75,89,0.813,0.594,0.424,-0.238,0.525,39.366,60.993,-21.628,-0.288,-21.628,0.424,31.813,104,E
David Lingmerth,2016,84,-0.103,-6.197,60,84,0.206,0.193,0.116,-0.103,0.261,15.659,12.382,3.274,0.055,3.274,0.116,6.977,107,E
Jim Herman,2016,93,-0.122,-8.638,71,93,0.111,0.364,-0.288,-0.122,-0.207,-14.676,7.888,-22.564,-0.318,-22.564,-0.288,-20.467,111,E
Daniel Summerhays,2016,99,0.027,2.137,79,99,-0.356,-0.126,-0.257,0.027,0.236,18.619,-28.13,46.747,0.592,46.747,-0.257,-20.276,112,E
Luke Donald,2016,81,0.429,25.338,59,81,0.23,-0.665,0.465,0.429,0.378,22.308,13.546,8.761,0.148,8.761,0.465,27.427,113,E
Jim Furyk,2016,52,0.232,10.201,44,52,0.463,-0.234,0.465,0.232,0.53,23.316,20.351,2.965,0.067,2.965,0.465,20.451,115,E
Robert Streb,2016,87,0.209,13.781,66,87,0.606,0.05,0.366,0.209,0.21,13.857,40.019,-26.163,-0.396,-26.163,0.366,24.14,119,E
Scott Brown,2016,88,-0.124,-8.699,70,88,0,0.545,-0.038,-0.124,0.011,0.767,0.033,0.734,0.01,0.734,-0.038,-2.692,120,E
Chesson Hadley,2016,81,-0.132,-8.843,67,81,-0.004,-0.031,0.16,-0.132,-0.196,-13.137,-0.25,-12.889,-0.192,-12.889,0.16,10.747,127,E
Ryan Palmer,2016,86,0,0.038,78,86,0.868,0.625,0.242,0,0.774,60.36,67.673,-7.314,-0.094,-7.314,0.242,18.891,132,E
Harold Varner III,2016,92,-0.078,-6.23,80,92,0.481,0.472,0.057,-0.078,0.124,9.9,38.489,-28.59,-0.357,-28.59,0.057,4.589,136,E
Graeme McDowell,2016,63,-0.003,-0.131,45,63,0.021,-0.129,0.153,-0.003,-0.178,-8.028,0.936,-8.967,-0.199,-8.967,0.153,6.868,137,E
Kevin Streelman,2016,82,-0.008,-0.54,64,82,0.45,0.289,0.238,-0.008,0.124,7.932,28.794,-20.863,-0.326,-20.863,0.238,15.227,138,E
Luke List,2016,79,0.004,0.289,65,79,0.709,0.427,0.277,0.004,0.436,28.364,46.1,-17.737,-0.273,-17.737,0.277,18.035,141,E
Stewart Cink,2016,61,0.017,0.837,49,61,0.46,-0.049,0.492,0.017,0.062,3.014,22.528,-19.512,-0.398,-19.512,0.492,24.099,142,E
Cameron Smith,2016,73,-0.062,-2.87,46,73,-0.706,-0.357,-0.286,-0.062,-0.763,-35.095,-32.475,-2.619,-0.057,-2.619,-0.286,-13.167,146,E
Chris Kirk,2016,90,0.205,15.162,74,90,0.66,0.086,0.369,0.205,0.653,48.356,48.822,-0.466,-0.006,-0.466,0.369,27.306,147,E
Patrick Rodgers,2016,89,0.157,11.154,71,89,0.504,0.356,-0.009,0.157,0.311,22.099,35.814,-13.719,-0.193,-13.719,-0.009,-0.617,151,E
Padraig Harrington,2016,54,0.408,17.971,44,54,0.275,-0.292,0.159,0.408,-0.067,-2.966,12.085,-15.051,-0.342,-15.051,0.159,6.979,155,E
Harris English,2016,97,0.138,10.068,73,97,0.04,-0.236,0.24,0.138,0.634,46.258,2.927,43.331,0.594,43.331,0.24,17.533,158,E
Chris Stroud,2016,82,-0.119,-8.194,69,82,-0.029,-0.069,0.159,-0.119,0.121,8.374,-2.006,10.38,0.15,10.38,0.159,10.974,163,E
Billy Hurley III,2016,66,-0.104,-6.128,59,66,-0.084,-0.206,0.226,-0.104,0.348,20.559,-4.963,25.52,0.433,25.52,0.226,13.307,165,E
Aaron Baddeley,2016,93,0.402,30.132,75,93,-0.33,-0.366,-0.362,0.402,0.257,19.25,-24.713,43.961,0.586,43.961,-0.362,-27.12,169,E
Roberto Castro,2016,97,0.19,16.718,88,97,0.844,0.217,0.437,0.19,0.587,51.649,74.291,-22.642,-0.257,-22.642,0.437,38.481,171,E
Morgan Hoffmann,2016,71,-0.062,-3.665,59,71,-0.324,-0.07,-0.192,-0.062,-0.116,-6.839,-19.132,12.291,0.208,12.291,-0.192,-11.347,173,E
Chad Campbell,2016,90,0.346,27.654,80,90,0.768,0.048,0.235,0.346,0.544,43.528,61.4,-17.875,-0.223,-17.875,0.235,18.768,181,E
Kelly Kraft,2016,63,-0.103,-4.652,45,63,-0.149,-0.093,-0.1,-0.103,0.058,2.601,-6.702,9.302,0.207,9.302,-0.1,-4.483,184,E
Andrew Landry,2016,53,-0.396,-13.058,33,53,-0.694,0.594,-0.892,-0.396,-0.04,-1.325,-22.916,21.591,0.654,21.591,-0.892,-29.451,185,E
Robert Garrigus,2016,69,-0.286,-15.712,55,69,0.836,0.35,0.734,-0.286,0.637,35.01,45.984,-10.975,-0.2,-10.975,0.734,40.382,190,E
Smylie Kaufman,2016,91,0.059,4.28,72,91,0.231,-0.022,0.039,0.059,0.344,24.741,16.631,8.107,0.113,8.107,0.039,2.806,194,E
Whee Kim,2016,82,0.148,9.607,65,82,0.01,0.252,-0.39,0.148,-0.209,-13.59,0.618,-14.208,-0.219,-14.208,-0.39,-25.379,195,E
Ben Martin,2016,92,-0.277,-22.144,80,92,-0.117,0.079,0.081,-0.277,0.023,1.813,-9.392,11.202,0.14,11.202,0.081,6.44,202,F
Rod Pampling,2016,54,0.199,7.361,37,54,0.049,0.222,-0.372,0.199,-0.426,-15.78,1.81,-17.59,-0.475,-17.59,-0.372,-13.779,206,F
Nick Taylor,2016,83,-0.123,-8.106,66,83,0.086,0.149,0.06,-0.123,-0.068,-4.465,5.695,-10.16,-0.154,-10.16,0.06,3.973,212,F
Brian Stuard,2016,66,0.14,8.405,60,66,-0.07,-0.1,-0.11,0.14,-0.093,-5.554,-4.215,-1.34,-0.022,-1.34,-0.11,-6.596,216,F
Vaughn Taylor,2016,72,-0.042,-2.822,67,72,0.457,-0.113,0.612,-0.042,0.033,2.222,30.611,-28.391,-0.424,-28.391,0.612,40.979,217,F
Thomas Aiken,2016,70,-0.39,-18.712,48,70,0.15,0.438,0.101,-0.39,0.156,7.464,7.181,0.284,0.006,0.284,0.101,4.851,220,F
Seung-Yul Noh,2016,85,0.374,25.802,69,85,-0.149,-0.637,0.114,0.374,0.026,1.821,-10.297,12.116,0.176,12.116,0.114,7.852,226,F
David Hearn,2016,95,0.081,6.665,82,95,0.311,-0.303,0.532,0.081,0.525,43.07,25.505,17.563,0.214,17.563,0.532,43.661,227,F
D.A. Points,2016,55,0.041,1.618,39,55,0.19,-0.492,0.64,0.041,-0.406,-15.833,7.413,-23.247,-0.596,-23.247,0.64,24.97,230,F
Scott Stallings,2016,74,0.018,1.108,63,74,0.443,0.106,0.177,0.018,0.138,8.666,27.888,-19.225,-0.305,-19.225,0.177,11.137,237,F
Fabián Gómez,2016,82,0.03,2.216,73,82,-0.249,0.009,-0.289,0.03,-0.037,-2.672,-18.19,15.516,0.213,15.516,-0.289,-21.062,249,F
Rob Oppenheim,2016,67,0.176,9.001,51,67,-0.26,-0.779,0.189,0.176,-0.298,-15.2,-13.271,-1.931,-0.038,-1.931,0.189,9.632,252,F
Geoff Ogilvy,2016,63,0.157,7.842,50,63,0.249,-0.081,0.173,0.157,-0.187,-9.374,12.473,-21.846,-0.437,-21.846,0.173,8.67,253,F
Alex Cejka,2016,71,0.297,15.17,51,71,0.631,-0.292,0.626,0.297,0.642,32.717,32.184,0.527,0.01,0.527,0.626,31.918,257,F
Abraham Ancer,2016,51,0.057,2.171,38,51,-0.307,-0.024,-0.34,0.057,-0.727,-27.64,-11.66,-15.98,-0.421,-15.98,-0.34,-12.936,260,F
Chad Collins,2016,73,0.408,26.09,64,73,-0.448,-0.629,-0.226,0.408,-0.452,-28.942,-28.67,-0.273,-0.004,-0.273,-0.226,-14.473,262,F
Michael Kim,2016,100,-0.111,-9.533,86,100,-0.423,-0.006,-0.078,-0.111,-0.147,-12.632,-36.34,23.706,0.276,23.706,-0.078,-6.743,273,F
Ricky Barnes,2016,97,0.227,18.179,80,97,-0.091,-0.518,0.2,0.227,0.295,23.56,-7.268,30.827,0.385,30.827,0.2,15.971,276,F
Blayne Barber,2016,84,-0.056,-4.181,74,84,0.088,0.018,0.127,-0.056,0.099,7.319,6.541,0.776,0.01,0.776,0.127,9.363,279,F
Patton Kizzire,2016,93,-0.08,-6.019,75,93,-0.039,-0.34,0.339,-0.08,0.403,30.205,-2.952,33.154,0.442,33.154,0.339,25.416,280,F
Derek Fathauer,2016,94,-0.026,-1.97,76,94,-0.791,-0.538,-0.25,-0.026,-0.435,-33.022,-60.078,27.054,0.356,27.054,-0.25,-18.988,288,F
Vijay Singh,2016,72,0.209,13.575,65,72,0.222,0.023,-0.01,0.209,0.128,8.342,14.431,-6.09,-0.094,-6.09,-0.01,-0.639,289,F
Johnson Wagner,2016,86,-0.154,-11.686,76,86,0.096,0.03,0.219,-0.154,0.368,27.996,7.265,20.728,0.273,20.728,0.219,16.664,294,F
Jon Curran,2016,99,0.304,25.521,84,99,-0.354,-0.659,0.001,0.304,0.053,4.449,-29.744,34.19,0.407,34.19,0.001,0.086,297,F
Michael Thompson,2016,71,0.051,2.78,54,71,0.079,0.015,0.16,0.051,-0.072,-3.904,4.273,-8.18,-0.151,-8.18,0.16,8.645,299,F
Sam Saunders,2016,69,0.003,0.165,51,69,-0.293,-0.191,-0.105,0.003,-0.232,-11.837,-14.92,3.082,0.06,3.082,-0.105,-5.345,300,F
Dustin Johnson,2017,77,0.121,7.157,59,77,1.862,1.071,0.67,0.121,1.882,111.009,109.881,1.126,0.019,1.126,0.67,39.545,1,A
Justin Rose,2017,66,0.373,19.776,53,66,1.295,0.559,0.363,0.373,1.232,65.298,68.638,-3.34,-0.063,-3.34,0.363,19.219,2,A
Brooks Koepka,2017,88,0.019,1.245,67,88,0.623,0.546,0.058,0.019,1.204,80.677,41.743,38.934,0.581,38.934,0.058,3.911,3,A
Justin Thomas,2017,86,0.289,18.811,65,86,1.479,0.452,0.738,0.289,1.811,117.746,96.162,21.583,0.332,21.583,0.738,47.961,4,A
Francesco Molinari,2017,75,0.128,7.567,59,75,1.453,0.483,0.842,0.128,1.364,80.459,85.704,-5.245,-0.089,-5.245,0.842,49.651,5,A
Rory McIlroy,2017,51,0.095,3.424,36,51,1.382,0.965,0.322,0.095,1.078,38.804,49.751,-10.947,-0.304,-10.947,0.322,11.596,6,A
Bryson DeChambeau,2017,91,-0.016,-1.166,73,91,0.383,0.42,-0.02,-0.016,0.19,13.866,27.984,-14.116,-0.193,-14.116,-0.02,-1.476,7,A
Jon Rahm,2017,90,0.057,3.773,66,90,1.522,0.949,0.515,0.057,1.778,117.339,100.434,16.906,0.256,16.906,0.515,33.998,8,A
Rickie Fowler,2017,78,0.349,21.97,63,78,1.134,0.378,0.408,0.349,1.987,125.163,71.456,53.706,0.852,53.706,0.408,25.686,9,A
Jordan Spieth,2017,85,0.429,29.168,68,85,1.646,0.321,0.896,0.429,1.924,130.811,111.916,18.896,0.278,18.896,0.896,60.927,10,A
Jason Day,2017,71,0.273,15.04,55,71,0.58,0.311,-0.004,0.273,0.935,51.414,31.916,19.497,0.354,19.497,-0.004,-0.236,11,A
Bubba Watson,2017,71,-0.201,-10.631,53,71,0.272,0.647,-0.175,-0.201,0.085,4.504,14.414,-9.91,-0.187,-9.91,-0.175,-9.251,14,A
Patrick Reed,2017,107,0.25,20.96,84,107,0.399,0.199,-0.049,0.25,0.976,81.97,33.486,48.483,0.577,48.483,-0.049,-4.154,15,A
Webb Simpson,2017,102,0.426,35.798,84,102,0.893,-0.036,0.503,0.426,0.942,79.16,75.036,4.125,0.049,4.125,0.503,42.284,16,A
Tony Finau,2017,106,0.065,5.885,91,106,1.28,0.826,0.39,0.065,1.147,104.349,116.465,-12.113,-0.133,-12.113,0.39,35.455,17,A
Xander Schauffele,2017,96,-0.086,-6.382,74,96,0.479,0.554,0.011,-0.086,0.881,65.225,35.469,29.755,0.402,29.755,0.011,0.85,19,A
Hideki Matsuyama,2017,83,0.346,20.436,59,83,1.613,0.508,0.758,0.346,1.267,74.759,95.14,-20.381,-0.345,-20.381,0.758,44.75,20,A
Paul Casey,2017,94,0.122,8.685,71,94,1.41,0.349,0.939,0.122,1.543,109.525,100.116,9.408,0.133,9.408,0.939,66.667,21,B
Patrick Cantlay,2017,52,0.021,0.951,46,52,1.111,0.623,0.467,0.021,1.269,58.394,51.092,7.3,0.159,7.3,0.467,21.471,22,B
Marc Leishman,2017,94,0.337,24.626,73,94,1.066,0.319,0.41,0.337,1.422,103.817,77.845,25.972,0.356,25.972,0.41,29.915,23,B
Phil Mickelson,2017,85,0.216,14.937,69,85,0.711,-0.058,0.553,0.216,1.048,72.284,49.062,23.222,0.337,23.222,0.553,38.124,25,B
Kyle Stanley,2017,104,0.038,3.56,94,104,1.259,0.659,0.562,0.038,0.951,89.383,118.383,-29,-0.309,-29,0.562,52.849,27,B
Sergio Garcia,2017,65,0.182,8.385,46,65,1.356,0.795,0.378,0.182,1.045,48.059,62.358,-14.3,-0.311,-14.3,0.378,17.385,28,B
Kevin Kisner,2017,105,0.065,4.971,77,105,0.656,0.257,0.334,0.065,1.043,80.329,50.48,29.847,0.388,29.847,0.334,25.725,29,B
Rafa Cabrera Bello,2017,63,0.068,3.122,46,63,-0.326,-0.223,-0.171,0.068,0.147,6.779,-14.98,21.756,0.473,21.756,-0.171,-7.849,30,B
Keegan Bradley,2017,104,0.004,0.388,91,104,0.769,0.625,0.139,0.004,0.553,50.281,69.952,-19.67,-0.216,-19.67,0.139,12.683,31,B
Cameron Smith,2017,86,0.399,28.302,71,86,0.418,-0.13,0.149,0.399,0.502,35.659,29.681,5.979,0.084,5.979,0.149,10.589,32,B
Matt Kuchar,2017,95,0.43,33.074,77,95,0.84,0.158,0.253,0.43,1.173,90.311,64.715,25.596,0.332,25.596,0.253,19.489,33,B
Ian Poulter,2017,72,0.501,27.555,55,72,0.911,-0.162,0.573,0.501,0.936,51.466,50.104,1.358,0.025,1.358,0.573,31.492,34,B
Billy Horschel,2017,88,-0.324,-25.889,80,88,-0.08,0.224,0.02,-0.324,0.004,0.351,-6.367,6.719,0.084,6.719,0.02,1.577,35,B
Louis Oosthuizen,2017,69,0.189,9.644,51,69,0.705,0.301,0.215,0.189,1.234,62.955,35.946,27.008,0.53,27.008,0.215,10.973,36,B
Brian Harman,2017,104,0.329,28.253,86,104,0.146,0.015,-0.198,0.329,0.746,64.161,12.564,51.597,0.6,51.597,-0.198,-16.989,38,B
Gary Woodland,2017,94,0.039,2.618,68,94,1.04,0.431,0.571,0.039,0.659,44.822,70.734,-25.913,-0.381,-25.913,0.571,38.816,40,B
Charley Hoffman,2017,112,-0.031,-2.893,93,112,0.903,0.586,0.349,-0.031,0.892,82.939,84.011,-1.073,-0.012,-1.073,0.349,32.411,41,C
Adam Scott,2017,58,0.043,1.79,42,58,1.103,0.524,0.536,0.043,1.006,42.257,46.318,-4.061,-0.097,-4.061,0.536,22.521,42,C
Kevin Na,2017,86,0.288,18.98,66,86,0.513,-0.406,0.631,0.288,0.778,51.358,33.851,17.507,0.265,17.507,0.631,41.647,43,C
Branden Grace,2017,70,0.165,7.762,47,70,0.518,0.18,0.173,0.165,0.271,12.715,24.355,-11.639,-0.248,-11.639,0.173,8.146,44,C
Byeong Hun An,2017,77,0.071,4.032,57,77,0.964,0.524,0.369,0.071,0.589,33.565,54.967,-21.401,-0.375,-21.401,0.369,21.059,46,C
Daniel Berger,2017,91,-0.09,-6.21,69,91,0.761,0.282,0.57,-0.09,0.91,62.782,52.517,10.262,0.149,10.262,0.57,39.303,47,C
Zach Johnson,2017,81,0.226,15.373,68,81,0.215,-0.005,-0.007,0.226,0.631,42.926,14.598,28.326,0.417,28.326,-0.007,-0.457,51,C
Brandt Snedeker,2017,53,0.314,13.208,42,53,0.506,-0.311,0.503,0.314,1.079,45.307,21.266,24.044,0.572,24.044,0.503,21.136,52,C
Pat Perez,2017,93,0.44,32.111,73,93,0.515,-0.147,0.222,0.44,0.862,62.902,37.621,25.281,0.346,25.281,0.222,16.23,53,C
Luke List,2017,102,0.074,6.36,86,102,1.117,0.6,0.443,0.074,0.691,59.402,96.066,-36.664,-0.426,-36.664,0.443,38.083,54,C
Si Woo Kim,2017,80,0.11,6.599,60,80,-0.573,-0.236,-0.447,0.11,-0.965,-57.901,-34.376,-23.526,-0.392,-23.526,-0.447,-26.814,55,C
Adam Hadwin,2017,98,-0.044,-3.464,79,98,0.143,0.003,0.183,-0.044,0.551,43.557,11.26,32.298,0.409,32.298,0.183,14.454,57,C
Russell Knox,2017,75,-0.119,-6.402,54,75,0.165,0.102,0.181,-0.119,-0.183,-9.891,8.927,-18.82,-0.349,-18.82,0.181,9.796,58,C
Emiliano Grillo,2017,90,-0.116,-7.68,66,90,0.532,0.368,0.281,-0.116,0.359,23.713,35.117,-11.407,-0.173,-11.407,0.281,18.529,60,C
Chez Reavie,2017,98,-0.073,-6.067,83,98,0.423,0.121,0.375,-0.073,0.84,69.722,35.139,34.584,0.417,34.584,0.375,31.152,61,D
Kevin Chappell,2017,95,0.106,7.616,72,95,0.841,0.442,0.294,0.106,0.538,38.753,60.567,-21.815,-0.303,-21.815,0.294,21.165,62,D
Charl Schwartzel,2017,63,0.127,6.12,48,63,0.504,-0.023,0.399,0.127,0.761,36.53,24.184,12.346,0.257,12.346,0.399,19.155,63,D
Russell Henley,2017,99,0,0.014,86,99,0.506,0.31,0.196,0,0.939,80.785,43.502,37.283,0.434,37.283,0.196,16.868,66,D
Jason Dufner,2017,89,-0.133,-9.575,72,89,0.654,0.268,0.519,-0.133,0.653,47.017,47.071,-0.056,-0.001,-0.056,0.519,37.37,70,D
Ryan Moore,2017,82,-0.173,-11.218,65,82,0.319,-0.006,0.498,-0.173,0.301,19.583,20.72,-1.136,-0.017,-1.136,0.498,32.347,71,D
Stewart Cink,2017,93,-0.05,-4.065,81,93,0.725,-0.019,0.793,-0.05,1.011,81.869,58.697,23.17,0.286,23.17,0.793,64.273,73,D
Jimmy Walker,2017,68,-0.123,-6.142,50,68,0.138,-0.258,0.518,-0.123,0.273,13.641,6.897,6.748,0.135,6.748,0.518,25.91,75,D
Charles Howell III,2017,86,0.081,5.535,68,86,0.32,0.016,0.223,0.081,0.492,33.46,21.735,11.729,0.172,11.729,0.223,15.142,76,D
Shane Lowry,2017,52,-0.277,-10.522,38,52,0.536,0.582,0.231,-0.277,1.015,38.554,20.37,18.184,0.479,18.184,0.231,8.764,80,D
Brendan Steele,2017,89,0.09,6.416,71,89,0.888,0.387,0.411,0.09,0.875,62.147,63.068,-0.92,-0.013,-0.92,0.411,29.181,81,D
J.B. Holmes,2017,83,0.137,8.342,61,83,0.708,0.533,0.039,0.137,0.676,41.231,43.211,-1.978,-0.032,-1.978,0.039,2.353,88,D
Jhonattan Vegas,2017,95,-0.06,-4.26,71,95,0.506,0.394,0.172,-0.06,0.093,6.633,35.922,-29.289,-0.413,-29.289,0.172,12.191,89,D
Patton Kizzire,2017,84,-0.021,-1.519,72,84,-0.475,-0.744,0.29,-0.021,-0.578,-41.646,-34.219,-7.427,-0.103,-7.427,0.29,20.882,90,D
C.T. Pan,2017,88,-0.034,-2.619,76,88,-0.074,0.052,-0.092,-0.034,-0.087,-6.635,-5.614,-1.023,-0.013,-1.023,-0.092,-6.972,100,D
Jason Kokrak,2017,95,-0.226,-18.72,83,95,0.458,0.607,0.077,-0.226,0.052,4.351,37.991,-33.637,-0.405,-33.637,0.077,6.368,102,E
Ryan Palmer,2017,61,-0.058,-2.862,49,61,1.03,0.533,0.555,-0.058,-0.129,-6.343,50.47,-56.813,-1.159,-56.813,0.555,27.212,104,E
Ryan Armour,2017,63,-0.005,-0.236,49,63,0.136,0.02,0.121,-0.005,0.107,5.247,6.662,-1.42,-0.029,-1.42,0.121,5.924,106,E
Brian Gay,2017,82,0.254,17.542,69,82,-0.168,-0.417,-0.006,0.254,0.282,19.483,-11.624,31.106,0.451,31.106,-0.006,-0.415,111,E
Anirban Lahiri,2017,72,0.059,3.457,59,72,0.149,0.234,-0.143,0.059,-0.186,-10.991,8.806,-19.798,-0.336,-19.798,-0.143,-8.441,112,E
Whee Kim,2017,74,0.163,10.078,62,74,-0.651,-0.665,-0.148,0.163,-0.208,-12.896,-40.381,27.485,0.443,27.485,-0.148,-9.205,113,E
James Hahn,2017,96,0.03,2.465,81,96,0.223,0.177,0.016,0.03,0.26,21.026,18.08,2.948,0.036,2.948,0.016,1.303,114,E
Nick Watney,2017,75,-0.238,-15.257,64,75,0.284,-0.063,0.585,-0.238,0.171,10.914,18.163,-7.249,-0.113,-7.249,0.585,37.452,119,E
Jamie Lovemark,2017,98,0.258,20.62,80,98,0.76,0.319,0.183,0.258,0.743,59.44,60.781,-1.34,-0.017,-1.34,0.183,14.656,122,E
Ollie Schniederjans,2017,92,-0.032,-2.563,81,92,0.402,0.125,0.309,-0.032,0.383,31.06,32.585,-1.527,-0.019,-1.527,0.309,25.006,126,E
Danny Lee,2017,93,-0.263,-19.988,76,93,0.078,0.037,0.304,-0.263,0.325,24.662,5.911,18.754,0.247,18.754,0.304,23.083,129,E
Chris Kirk,2017,89,0.059,4.136,70,89,-0.155,-0.315,0.101,0.059,-0.228,-15.988,-10.835,-5.153,-0.074,-5.153,0.101,7.092,132,E
Lucas Glover,2017,93,0.14,12.077,86,93,0.944,0.502,0.301,0.14,0.918,78.946,81.184,-2.24,-0.026,-2.24,0.301,25.903,135,E
Kevin Tway,2017,96,0.053,3.916,74,96,0.172,0.288,-0.168,0.053,0.433,32.076,12.761,19.312,0.261,19.312,-0.168,-12.425,136,E
J.J. Spaun,2017,92,-0.24,-17.266,72,92,-0.045,0.316,-0.122,-0.24,-0.072,-5.215,-3.251,-1.964,-0.027,-1.964,-0.122,-8.757,138,E
Sean O'Hair,2017,84,-0.101,-7.099,70,84,0.269,0.252,0.118,-0.101,0.376,26.303,18.796,7.509,0.107,7.509,0.118,8.285,141,E
Bill Haas,2017,92,0.516,37.12,72,92,0.868,-0.047,0.399,0.516,0.923,66.456,62.5,3.956,0.055,3.956,0.399,28.748,146,E
Kevin Streelman,2017,90,-0.038,-3.001,78,90,0.45,0.292,0.197,-0.038,0.169,13.179,35.126,-21.946,-0.281,-21.946,0.197,15.358,148,E
Sung Kang,2017,104,-0.182,-14.945,82,104,0.325,0.255,0.251,-0.182,0.478,39.231,26.622,12.609,0.154,12.609,0.251,20.62,152,E
Kelly Kraft,2017,75,-0.479,-31.103,65,75,-0.524,-0.205,0.159,-0.479,-0.681,-44.288,-34.084,-10.201,-0.157,-10.201,0.159,10.354,156,E
Patrick Rodgers,2017,76,-0.077,-5.052,66,76,-0.65,-0.044,-0.529,-0.077,-0.716,-47.261,-42.882,-4.379,-0.066,-4.379,-0.529,-34.91,158,E
Scott Stallings,2017,81,-0.084,-5.683,68,81,0.339,0.049,0.375,-0.084,0.02,1.333,23.083,-21.75,-0.32,-21.75,0.375,25.469,159,E
Martin Laird,2017,83,0.203,14.581,72,83,0.576,0.235,0.139,0.203,0.829,59.668,41.474,18.195,0.253,18.195,0.139,9.984,161,E
Rory Sabbatini,2017,71,0.028,1.473,53,71,0.482,0.308,0.146,0.028,0.125,6.614,25.522,-18.911,-0.357,-18.911,0.146,7.743,164,E
Harold Varner III,2017,101,-0.081,-7.007,86,101,0.511,0.262,0.33,-0.081,0.109,9.366,43.925,-34.56,-0.402,-34.56,0.33,28.418,165,E
Wesley Bryan,2017,95,0.141,10.848,77,95,-0.337,-0.899,0.421,0.141,0.002,0.154,-25.987,26.142,0.34,26.142,0.421,32.411,167,E
Grayson Murray,2017,94,-0.176,-14.924,85,94,0.146,0.353,-0.032,-0.176,0.064,5.444,12.372,-6.93,-0.082,-6.93,-0.032,-2.728,180,E
Troy Merritt,2017,82,-0.009,-0.656,70,82,-0.146,-0.118,-0.018,-0.009,-0.162,-11.348,-10.19,-1.157,-0.017,-1.157,-0.018,-1.279,181,E
Bud Cauley,2017,92,-0.05,-4.064,82,92,0.803,0.264,0.588,-0.05,0.53,43.474,65.826,-22.35,-0.273,-22.35,0.588,48.211,184,E
Sam Saunders,2017,76,-0.28,-17.05,61,76,-0.068,0.348,-0.136,-0.28,0.071,4.309,-4.127,8.435,0.138,8.435,-0.136,-8.289,190,E
Robert Streb,2017,98,0.305,25.641,84,98,0.075,-0.159,-0.072,0.305,0.078,6.516,6.295,0.223,0.003,0.223,-0.072,-6.011,191,E
Søren Kjeldsen,2017,58,-0.142,-4.818,34,58,-0.655,-0.424,-0.09,-0.142,-0.182,-6.198,-22.28,16.081,0.473,16.081,-0.09,-3.052,195,E
Richy Werenski,2017,81,-0.303,-18.508,61,81,-0.223,0.203,-0.123,-0.303,-0.223,-13.591,-13.614,0.023,0,0.023,-0.123,-7.512,196,E
Trey Mullinax,2017,88,-0.169,-11.857,70,88,0.063,0.427,-0.195,-0.169,0.006,0.397,4.385,-3.986,-0.057,-3.986,-0.195,-13.648,201,F
William McGirt,2017,89,-0.137,-9.853,72,89,-0.072,0.257,-0.193,-0.137,-0.098,-7.02,-5.217,-1.803,-0.025,-1.803,-0.193,-13.871,204,F
Graeme McDowell,2017,56,-0.111,-5.552,50,56,-0.062,0.085,-0.036,-0.111,0.502,25.088,-3.086,28.174,0.563,28.174,-0.036,-1.788,207,F
Hudson Swafford,2017,94,-0.337,-25.582,76,94,0.319,0.454,0.202,-0.337,0.314,23.865,24.215,-0.351,-0.005,-0.351,0.202,15.327,208,F
Chris Stroud,2017,67,0.06,2.869,48,67,0.139,-0.094,0.173,0.06,0.013,0.629,6.676,-6.046,-0.126,-6.046,0.173,8.302,214,F
Scott Brown,2017,95,-0.262,-20.41,78,95,-0.344,0.143,-0.225,-0.262,-0.068,-5.297,-26.859,21.562,0.276,21.562,-0.225,-17.571,215,F
Tom Hoge,2017,54,-0.176,-6.849,39,54,-0.293,-0.352,0.235,-0.176,-0.274,-10.676,-11.412,0.734,0.019,0.734,0.235,9.165,216,F
Matt Jones,2017,64,0.503,25.656,51,64,0.108,0.073,-0.468,0.503,0.278,14.177,5.507,8.671,0.17,8.671,-0.468,-23.89,219,F
Michael Kim,2017,94,0.106,8.943,84,94,0.017,-0.247,0.158,0.106,0.247,20.713,1.467,19.249,0.229,19.249,0.158,13.252,224,F
Jim Furyk,2017,54,-0.036,-1.598,44,54,-0.036,-0.491,0.492,-0.036,0.151,6.631,-1.581,8.211,0.187,8.211,0.492,21.629,230,F
Chad Campbell,2017,97,0.144,12.202,85,97,0.691,0.041,0.506,0.144,0.405,34.408,58.708,-24.298,-0.286,-24.298,0.506,43.019,238,F
Scott Piercy,2017,70,-0.25,-12.23,49,70,0.251,0.19,0.311,-0.25,-0.275,-13.456,12.31,-25.762,-0.526,-25.762,0.311,15.219,240,F
Sebastián Muñoz,2017,51,-0.143,-5.563,39,51,-0.188,0.031,-0.077,-0.143,0.169,6.606,-7.349,13.953,0.358,13.953,-0.077,-3.009,248,F
David Lingmerth,2017,79,-0.031,-2.151,69,79,-0.009,-0.032,0.054,-0.031,0.475,32.809,-0.596,33.406,0.484,33.406,0.054,3.755,255,F
Brian Stuard,2017,93,-0.164,-11.291,69,93,-0.333,-0.34,0.171,-0.164,-0.469,-32.375,-22.953,-9.422,-0.137,-9.422,0.171,11.782,257,F
Vaughn Taylor,2017,90,-0.168,-12.755,76,90,-0.033,-0.001,0.135,-0.168,0.106,8.032,-2.519,10.553,0.139,10.553,0.135,10.289,260,F
John Huh,2017,92,0.043,3.249,76,92,-0.026,-0.049,-0.02,0.043,0.099,7.499,-1.95,9.452,0.124,9.452,-0.02,-1.493,262,F
Ryo Ishikawa,2017,56,-0.021,-0.883,43,56,-0.928,-0.58,-0.328,-0.021,-1.132,-48.672,-39.903,-8.77,-0.204,-8.77,-0.328,-14.094,266,F
Ryan Blaum,2017,100,-0.057,-4.656,82,100,-0.286,-0.198,-0.032,-0.057,0.047,3.893,-23.477,27.37,0.334,27.37,-0.032,-2.584,269,F
Alex Cejka,2017,85,0.127,7.854,62,85,-0.093,-0.02,-0.2,0.127,-0.452,-28.04,-5.758,-22.282,-0.359,-22.282,-0.2,-12.396,272,F
Aaron Baddeley,2017,61,0.31,14.239,46,61,-0.216,-0.782,0.256,0.31,-0.172,-7.925,-9.927,2.005,0.044,2.005,0.256,11.783,274,F
Nick Taylor,2017,97,0.121,10.038,83,97,0.342,0.168,0.053,0.121,0.151,12.558,28.402,-15.843,-0.191,-15.843,0.053,4.429,277,F
Harris English,2017,84,0.169,12.187,72,84,-0.336,-0.644,0.138,0.169,0.038,2.727,-24.226,26.957,0.374,26.957,0.138,9.929,282,F
Graham DeLaet,2017,82,-0.436,-30.986,71,82,0.477,0.486,0.427,-0.436,0.768,54.527,33.89,20.639,0.291,20.639,0.427,30.345,284,F
Mackenzie Hughes,2017,106,0.063,6.066,96,106,-0.32,0.021,-0.404,0.063,0.172,16.538,-30.728,47.265,0.492,47.265,-0.404,-38.78,290,F
Robert Garrigus,2017,78,-0.19,-11.422,60,78,0.709,0.422,0.477,-0.19,0.253,15.18,42.553,-27.37,-0.456,-27.37,0.477,28.647,298,F
J.T. Poston,2017,95,-0.062,-4.497,73,95,0.147,0.156,0.053,-0.062,0.031,2.245,10.752,-8.506,-0.117,-8.506,0.053,3.876,300,F
Brooks Koepka,2018,64,0.162,8.761,54,64,1.052,0.658,0.232,0.162,1.22,65.874,56.815,9.058,0.168,9.058,0.232,12.527,1,A
Rory McIlroy,2018,64,0.322,16.42,51,64,1.351,0.761,0.269,0.322,1.412,71.989,68.917,3.073,0.06,3.073,0.269,13.699,2,A
Dustin Johnson,2018,77,0.238,14.785,62,77,1.987,0.919,0.829,0.238,2.372,147.04,123.179,23.861,0.385,23.861,0.829,51.411,3,A
Justin Rose,2018,70,0.45,23.868,53,70,1.527,0.551,0.526,0.45,1.952,103.435,80.953,22.479,0.424,22.479,0.526,27.861,4,A
Justin Thomas,2018,91,0.311,21.127,68,91,1.563,0.408,0.844,0.311,1.835,124.788,106.261,18.528,0.272,18.528,0.844,57.413,5,A
Jon Rahm,2018,71,0.176,8.97,51,71,1.039,0.817,0.047,0.176,0.889,45.323,53.008,-7.685,-0.151,-7.685,0.047,2.379,6,A
Patrick Cantlay,2018,87,0.146,9.77,67,87,1.278,0.622,0.509,0.146,1.096,73.418,85.596,-12.177,-0.182,-12.177,0.509,34.121,7,A
Tiger Woods,2018,68,0.385,22.732,59,68,1.33,0.061,0.883,0.385,1.596,94.154,78.448,15.703,0.266,15.703,0.883,52.11,8,A
Xander Schauffele,2018,96,-0.027,-1.973,72,96,0.448,0.24,0.235,-0.027,0.644,46.352,32.276,14.079,0.196,14.079,0.235,16.938,9,A
Bryson DeChambeau,2018,93,0.07,5.427,78,93,1.212,0.586,0.556,0.07,1.558,121.526,94.543,26.983,0.346,26.983,0.556,43.375,10,A
Francesco Molinari,2018,73,0.327,18.614,57,73,1.61,0.69,0.593,0.327,1.123,64.014,91.756,-27.741,-0.487,-27.741,0.593,33.825,11,A
Tony Finau,2018,105,0.222,17.967,81,105,1.203,0.481,0.5,0.222,1.435,116.248,97.473,18.774,0.232,18.774,0.5,40.54,12,A
Tommy Fleetwood,2018,73,0.296,15.982,54,73,1.282,0.58,0.405,0.296,1.606,86.72,69.21,17.51,0.324,17.51,0.405,21.887,13,A
Webb Simpson,2018,95,0.37,30.006,81,95,0.741,-0.116,0.486,0.37,1.432,116.022,60.005,56.018,0.692,56.018,0.486,39.357,14,A
Adam Scott,2018,78,0.125,7.52,60,78,1.064,0.3,0.639,0.125,0.779,46.738,63.829,-17.092,-0.285,-17.092,0.639,38.324,15,A
Patrick Reed,2018,94,0.545,34.343,63,94,0.783,0.051,0.187,0.545,0.947,59.645,49.325,10.317,0.164,10.317,0.187,11.759,16,A
Gary Woodland,2018,96,-0.228,-15.933,70,96,1.059,0.803,0.484,-0.228,1.066,74.632,74.147,0.483,0.007,0.483,0.484,33.882,17,A
Paul Casey,2018,74,0.109,5.328,49,74,0.833,0.138,0.586,0.109,0.966,47.336,40.801,6.537,0.133,6.537,0.586,28.729,18,A
Rickie Fowler,2018,74,0.242,14.783,61,74,0.98,0.244,0.494,0.242,1.275,77.798,59.767,18.029,0.296,18.029,0.494,30.13,19,A
Matt Kuchar,2018,88,0.211,13.726,65,88,0.228,-0.199,0.216,0.211,0.576,37.442,14.848,22.592,0.348,22.592,0.216,14.072,20,A
Shane Lowry,2018,64,-0.052,-2.666,51,64,0.524,0.331,0.245,-0.052,0.238,12.126,26.705,-14.582,-0.286,-14.582,0.245,12.489,21,B
Louis Oosthuizen,2018,62,0.408,18.779,46,62,0.548,0.401,-0.261,0.408,0.521,23.973,25.186,-1.214,-0.026,-1.214,-0.261,-12.017,22,B
Jason Day,2018,75,0.479,23.488,49,75,0.515,0.176,-0.14,0.479,1.285,62.966,25.245,37.721,0.77,37.721,-0.14,-6.881,23,B
Marc Leishman,2018,93,0.292,21.35,73,93,0.498,-0.006,0.211,0.292,0.624,45.569,36.334,9.234,0.126,9.234,0.211,15.436,24,B
Bubba Watson,2018,90,-0.231,-15.689,68,90,0.554,0.78,0.005,-0.231,0.555,37.729,37.666,0.063,0.001,0.063,0.005,0.343,25,B
Hideki Matsuyama,2018,75,0.143,8.151,57,75,1.064,0.194,0.727,0.143,1.196,68.157,60.649,7.507,0.132,7.507,0.727,41.422,26,B
Kevin Kisner,2018,89,-0.118,-7.645,65,89,-0.476,-0.043,-0.316,-0.118,0.037,2.409,-30.953,33.365,0.513,33.365,-0.316,-20.525,27,B
Chez Reavie,2018,93,-0.137,-8.242,60,93,0.483,0.183,0.437,-0.137,0.674,40.453,28.956,11.495,0.192,11.495,0.437,26.242,28,B
Henrik Stenson,2018,60,-0.027,-1.195,44,60,1.36,0.427,0.96,-0.027,1.153,50.738,59.828,-9.092,-0.207,-9.092,0.96,42.239,31,B
Ian Poulter,2018,73,0.051,2.538,50,73,0.627,0.141,0.435,0.051,0.85,42.507,31.362,11.143,0.223,11.143,0.435,21.77,32,B
Jordan Spieth,2018,81,0.184,12.114,66,81,0.863,0.271,0.409,0.184,0.83,54.751,56.977,-2.224,-0.034,-2.224,0.409,26.983,33,B
Billy Horschel,2018,86,-0.169,-13.037,77,86,0.72,0.538,0.352,-0.169,1.112,85.643,55.474,30.165,0.392,30.165,0.352,27.078,34,B
Kevin Na,2018,91,0.373,26.1,70,91,0.268,-0.378,0.273,0.373,0.801,56.037,18.733,37.304,0.533,37.304,0.273,19.119,35,B
Keegan Bradley,2018,98,0.026,2.041,80,98,1.151,0.237,0.888,0.026,0.793,63.411,92.047,-28.64,-0.358,-28.64,0.888,71.055,36,B
Abraham Ancer,2018,98,-0.022,-1.847,83,98,0.376,0.325,0.074,-0.022,0.32,26.573,31.219,-4.648,-0.056,-4.648,0.074,6.118,37,B
Brandt Snedeker,2018,84,0.318,23.537,74,84,0.147,-0.145,-0.026,0.318,0.625,46.285,10.905,35.378,0.478,35.378,-0.026,-1.906,38,B
Phil Mickelson,2018,90,0.091,6.36,70,90,0.42,-0.225,0.555,0.091,0.931,65.141,29.429,35.711,0.51,35.711,0.555,38.816,39,B
Rafa Cabrera Bello,2018,75,0.096,4.603,48,75,0.839,0.256,0.487,0.096,1.112,53.37,40.27,13.101,0.273,13.101,0.487,23.381,40,B
Andrew Putnam,2018,97,0.187,14.377,77,97,0.42,-0.146,0.38,0.187,0.472,36.369,32.359,4.008,0.052,4.008,0.38,29.241,44,C
Tyrrell Hatton,2018,58,0.252,10.591,42,58,0.603,0.148,0.202,0.252,0.938,39.39,25.315,14.077,0.335,14.077,0.202,8.503,45,C
Cameron Smith,2018,85,0.218,13.307,61,85,0.104,-0.148,0.034,0.218,0.219,13.353,6.363,6.99,0.115,6.99,0.034,2.061,46,C
Alex Noren,2018,67,-0.029,-1.414,49,67,0.286,0.208,0.107,-0.029,1.044,51.168,14.013,37.154,0.758,37.154,0.107,5.261,47,C
Jim Furyk,2018,50,0.235,10.811,46,50,0.023,-0.392,0.179,0.235,0.412,18.946,1.042,17.903,0.389,17.903,0.179,8.247,48,C
Byeong Hun An,2018,86,0.167,12.222,73,86,1.091,0.475,0.448,0.167,0.805,58.79,79.607,-20.82,-0.285,-20.82,0.448,32.713,49,C
C.T. Pan,2018,104,0.063,5.141,82,104,0.544,0.215,0.267,0.063,0.478,39.162,44.628,-5.47,-0.067,-5.47,0.267,21.897,51,C
Jason Kokrak,2018,99,-0.101,-8.871,88,99,0.517,0.36,0.257,-0.101,0.539,47.388,45.455,1.931,0.022,1.931,0.257,22.629,54,C
Charles Howell III,2018,104,0.095,7.385,78,104,0.582,0.324,0.163,0.095,0.801,62.475,45.384,17.092,0.219,17.092,0.163,12.698,59,C
J.B. Holmes,2018,77,0.032,2.156,68,77,0.756,0.565,0.159,0.032,0.549,37.302,51.408,-14.11,-0.207,-14.11,0.159,10.837,60,C
Lucas Glover,2018,65,-0.008,-0.374,46,65,0.462,0.514,-0.043,-0.008,0.276,12.697,21.266,-8.573,-0.186,-8.573,-0.043,-1.993,62,D
Kyle Stanley,2018,93,-0.027,-1.798,67,93,0.649,0.378,0.298,-0.027,0.686,45.987,43.483,2.505,0.037,2.505,0.298,19.936,63,D
Kiradech Aphibarnrat,2018,51,0.135,4.589,34,51,0.373,0.485,-0.247,0.135,0.511,17.365,12.665,4.7,0.138,4.7,-0.247,-8.414,65,D
Si Woo Kim,2018,108,0.291,22.694,78,108,0.077,-0.014,-0.2,0.291,-0.092,-7.17,5.967,-13.138,-0.168,-13.138,-0.2,-15.615,66,D
Emiliano Grillo,2018,94,-0.122,-8.92,73,94,0.587,0.364,0.345,-0.122,1.133,82.692,42.85,39.841,0.546,39.841,0.345,25.179,67,D
Adam Hadwin,2018,92,0.267,17.622,66,92,0.49,0.057,0.166,0.267,0.596,39.353,32.337,7.013,0.106,7.013,0.166,10.93,68,D
Scott Piercy,2018,84,0.097,6.613,68,84,0.859,0.209,0.553,0.097,0.29,19.719,58.406,-38.686,-0.569,-38.686,0.553,37.586,69,D
Rory Sabbatini,2018,91,0.234,17.547,75,91,0.299,0.217,-0.152,0.234,0.358,26.877,22.425,4.449,0.059,4.449,-0.152,-11.37,70,D
Corey Conners,2018,97,-0.198,-15.64,79,97,0.579,0.501,0.275,-0.198,0.193,15.285,45.712,-30.426,-0.385,-30.426,0.275,21.734,71,D
J.T. Poston,2018,73,-0.005,-0.267,57,73,0.003,0.381,-0.373,-0.005,0.138,7.888,0.176,7.712,0.135,7.712,-0.373,-21.251,72,D
Ryan Palmer,2018,69,-0.174,-10.417,60,69,0.297,0.235,0.236,-0.174,-0.231,-13.834,17.828,-31.665,-0.528,-31.665,0.236,14.144,73,D
Keith Mitchell,2018,99,-0.092,-7.613,83,99,0.486,0.706,-0.128,-0.092,-0.018,-1.471,40.372,-41.841,-0.504,-41.841,-0.128,-10.604,74,D
Branden Grace,2018,67,0.125,5.505,44,67,0.463,0.163,0.174,0.125,0.812,35.747,20.359,15.39,0.35,15.39,0.174,7.675,77,D
Sung Kang,2018,89,-0.225,-15.059,67,89,-0.806,-0.488,-0.094,-0.225,-1.041,-69.757,-54.034,-15.725,-0.235,-15.725,-0.094,-6.279,78,D
Aaron Wise,2018,90,0.042,3.34,80,90,0.464,0.41,0.012,0.042,0.703,56.223,37.152,19.071,0.238,19.071,0.012,0.981,79,D
Russell Knox,2018,94,0.149,11.037,74,94,0.471,0.059,0.263,0.149,0.383,28.318,34.857,-6.538,-0.088,-6.538,0.263,19.462,81,D
Ryan Moore,2018,78,0.273,18.042,66,78,1.211,0.406,0.532,0.273,0.941,62.09,79.953,-17.864,-0.271,-17.864,0.532,35.095,82,D
Luke List,2018,98,0.349,27.204,78,98,1.337,0.795,0.194,0.349,0.87,67.879,104.322,-36.446,-0.467,-36.446,0.194,15.147,87,D
Joel Dahmen,2018,93,-0.004,-0.316,71,93,0.677,0.3,0.381,-0.004,0.4,28.422,48.093,-19.67,-0.277,-19.67,0.381,27.083,88,D
Kevin Tway,2018,110,-0.026,-2.332,90,110,0.277,0.271,0.032,-0.026,0.329,29.634,24.908,4.722,0.052,4.722,0.032,2.855,89,D
Nate Lashley,2018,51,0.08,2.808,35,51,0.228,0.111,0.036,0.08,0.31,10.836,7.982,2.854,0.082,2.854,0.036,1.276,92,D
Brian Harman,2018,94,-0.096,-6.902,72,94,0.017,0.137,-0.024,-0.096,0.29,20.894,1.214,19.683,0.273,19.683,-0.024,-1.735,93,D
Kevin Streelman,2018,94,0.014,1.167,82,94,0.868,0.439,0.415,0.014,0.619,50.729,71.201,-20.473,-0.25,-20.473,0.415,34.036,96,D
Charley Hoffman,2018,87,-0.071,-4.856,68,87,0.398,0.254,0.216,-0.071,0.425,28.87,27.08,1.789,0.026,1.789,0.216,14.694,99,D
Graeme McDowell,2018,67,0.049,2.239,46,67,0.219,0.124,0.046,0.049,0.697,32.061,10.093,21.967,0.478,21.967,0.046,2.133,101,E
Vaughn Taylor,2018,83,-0.002,-0.115,70,83,0.299,-0.005,0.305,-0.002,0.219,15.344,20.928,-5.58,-0.08,-5.58,0.305,21.361,102,E
Troy Merritt,2018,89,-0.092,-6.697,73,89,0.132,0.138,0.086,-0.092,0.209,15.233,9.638,5.594,0.077,5.594,0.086,6.258,107,E
Harold Varner III,2018,91,0.021,1.591,74,91,0.149,0.204,-0.076,0.021,0.125,9.273,11.039,-1.77,-0.024,-1.77,-0.076,-5.629,111,E
Jhonattan Vegas,2018,92,-0.124,-7.905,64,92,0.089,0.294,-0.081,-0.124,0.03,1.945,5.723,-3.779,-0.059,-3.779,-0.081,-5.158,113,E
Chesson Hadley,2018,103,-0.102,-9.075,89,103,0.65,0.146,0.606,-0.102,0.859,76.441,57.882,18.555,0.208,18.555,0.606,53.932,119,E
Daniel Berger,2018,81,-0.145,-8.988,62,81,0.497,0.1,0.543,-0.145,0.816,50.605,30.826,19.78,0.319,19.78,0.543,33.635,121,E
Jimmy Walker,2018,81,0.166,10.954,66,81,0.033,-0.437,0.304,0.166,0.357,23.548,2.175,21.369,0.324,21.369,0.304,20.096,125,E
Beau Hossler,2018,104,0.013,1.172,90,104,-0.101,0.281,-0.395,0.013,0.584,52.529,-9.092,61.617,0.685,61.617,-0.395,-35.52,126,E
Zach Johnson,2018,94,0.425,30.634,72,94,0.829,-0.059,0.463,0.425,1.035,74.544,59.71,14.836,0.206,14.836,0.463,33.316,131,E
Satoshi Kodaira,2018,51,-0.93,-37.189,40,51,-1.187,0.027,-0.284,-0.93,-1.832,-73.271,-47.474,-25.795,-0.645,-25.795,-0.284,-11.356,132,E
Danny Lee,2018,88,0.051,3.557,70,88,-0.099,0.005,-0.155,0.051,0.058,4.032,-6.898,10.927,0.156,10.927,-0.155,-10.833,133,E
Stewart Cink,2018,87,0.055,3.662,67,87,0.81,0.057,0.698,0.055,0.465,31.177,54.292,-23.115,-0.345,-23.115,0.698,46.796,135,E
Michael Thompson,2018,62,0.05,2.81,56,62,-0.446,-0.073,-0.423,0.05,0.052,2.913,-24.976,27.889,0.498,27.889,-0.423,-23.683,137,E
Xinjun Zhang,2018,81,-0.182,-10.37,57,81,-0.297,0.139,-0.254,-0.182,-0.734,-41.811,-16.926,-24.885,-0.437,-24.885,-0.254,-14.482,138,E
Andrew Landry,2018,82,-0.152,-11.076,73,82,-0.029,0.206,-0.083,-0.152,-0.039,-2.853,-2.102,-0.752,-0.01,-0.752,-0.083,-6.066,139,E
Nick Watney,2018,94,-0.167,-13.397,80,94,0.143,0.17,0.141,-0.167,0.343,27.477,11.474,15.999,0.2,15.999,0.141,11.282,140,E
Russell Henley,2018,77,-0.186,-10.764,58,77,0.374,0.093,0.467,-0.186,0.541,31.381,21.679,9.704,0.167,9.704,0.467,27.063,142,E
Patton Kizzire,2018,92,-0.15,-11.716,78,92,-0.063,-0.294,0.381,-0.15,-0.033,-2.605,-4.925,2.321,0.03,2.321,0.381,29.741,148,E
Pat Perez,2018,82,0.037,1.901,51,82,-0.163,-0.063,-0.138,0.037,-0.048,-2.456,-8.327,5.873,0.115,5.873,-0.138,-7.014,152,E
Ryan Armour,2018,109,0.194,18.623,96,109,0.395,-0.012,0.213,0.194,0.337,32.37,37.915,-5.545,-0.058,-5.545,0.213,20.406,153,E
Bud Cauley,2018,55,0.239,9.786,41,55,0.094,-0.113,-0.032,0.239,0.461,18.901,3.845,15.055,0.367,15.055,-0.032,-1.315,159,E
Denny McCarthy,2018,71,-0.019,-0.922,49,71,-0.355,0.011,-0.347,-0.019,0.094,4.625,-17.392,22.018,0.449,22.018,-0.347,-17.001,160,E
Brian Stuard,2018,103,0.026,2.3,88,103,-0.101,-0.227,0.099,0.026,0.062,5.481,-8.92,14.398,0.164,14.398,0.099,8.749,162,E
Jason Dufner,2018,71,-0.178,-9.28,52,71,0.068,0.256,-0.009,-0.178,0.011,0.551,3.554,-3.003,-0.058,-3.003,-0.009,-0.478,163,E
Brice Garnett,2018,99,-0.278,-22.537,81,99,-0.234,0.188,-0.144,-0.278,-0.31,-25.098,-18.93,-6.17,-0.076,-6.17,-0.144,-11.631,167,E
Kelly Kraft,2018,94,-0.126,-9.327,74,94,-0.395,-0.286,0.017,-0.126,-0.32,-23.703,-29.239,5.535,0.075,5.535,0.017,1.261,168,E
Charl Schwartzel,2018,65,-0.073,-3.057,42,65,-0.276,-0.035,-0.168,-0.073,-0.195,-8.208,-11.587,3.381,0.081,3.381,-0.168,-7.066,170,E
J.J. Spaun,2018,85,-0.255,-18.12,71,85,0.441,0.286,0.41,-0.255,0.292,20.762,31.344,-10.58,-0.149,-10.58,0.41,29.138,175,E
Scott Stallings,2018,96,-0.025,-1.974,80,96,0.341,-0.008,0.373,-0.025,0.27,21.629,27.246,-5.618,-0.07,-5.618,0.373,29.855,176,E
Matt Jones,2018,70,0.192,9.018,47,70,0.139,0.333,-0.386,0.192,0.104,4.91,6.527,-1.616,-0.034,-1.616,-0.386,-18.132,177,E
Bronson Burgoon,2018,69,-0.307,-17.472,57,69,0.373,0.309,0.371,-0.307,0.481,27.4,21.278,6.124,0.107,6.124,0.371,21.162,180,E
Austin Cook,2018,107,0.179,16.464,92,107,0.254,0.12,-0.045,0.179,0.569,52.338,23.377,28.963,0.315,28.963,-0.045,-4.16,181,E
Peter Uihlein,2018,83,0.156,10.149,65,83,0.247,0.132,-0.04,0.156,0.268,17.434,16.08,1.352,0.021,1.352,-0.04,-2.611,183,E
Talor Gooch,2018,78,0.053,3.293,62,78,-0.194,-0.322,0.075,0.053,-0.163,-10.131,-12.033,1.903,0.031,1.903,0.075,4.657,186,E
Brian Gay,2018,103,0.253,23.286,92,103,0.123,-0.166,0.036,0.253,0.565,52.021,11.355,40.668,0.442,40.668,0.036,3.339,187,E
Mackenzie Hughes,2018,80,-0.122,-8.31,68,80,0.163,-0.068,0.353,-0.122,-0.014,-0.959,11.052,-12.011,-0.177,-12.011,0.353,24.002,191,E
"Ted Potter, Jr.",2018,87,0.105,8.062,77,87,-0.169,-0.074,-0.2,0.105,-0.094,-7.272,-13.009,5.736,0.074,5.736,-0.2,-15.397,195,E
Robert Streb,2018,78,0.084,5.067,60,78,-0.5,-0.68,0.096,0.084,-0.581,-34.85,-30.021,-4.83,-0.081,-4.83,0.096,5.737,199,E
Aaron Baddeley,2018,84,0.595,41.618,70,84,0.366,-0.345,0.117,0.595,0.309,21.661,25.633,-3.973,-0.057,-3.973,0.117,8.159,201,F
Kevin Chappell,2018,77,-0.236,-14.659,62,77,0.668,0.608,0.296,-0.236,0.323,20.042,41.395,-21.35,-0.344,-21.35,0.296,18.378,202,F
Sam Ryder,2018,82,-0.099,-6.934,70,82,0.503,0.203,0.399,-0.099,0.154,10.793,35.231,-24.436,-0.349,-24.436,0.399,27.957,206,F
Chris Stroud,2018,81,-0.058,-3.379,58,81,-0.391,-0.277,-0.056,-0.058,-0.338,-19.608,-22.706,3.098,0.053,3.098,-0.056,-3.241,208,F
Adam Schenk,2018,86,-0.091,-5.985,66,86,-0.28,0.073,-0.262,-0.091,-0.15,-9.916,-18.481,8.564,0.13,8.564,-0.262,-17.281,210,F
Peter Malnati,2018,87,0.255,19.125,75,87,-0.374,-0.372,-0.257,0.255,0.244,18.337,-28.073,46.41,0.619,46.41,-0.257,-19.308,216,F
Martin Laird,2018,73,0.209,12.751,61,73,0.189,-0.045,0.024,0.209,0.47,28.68,11.499,17.178,0.282,17.178,0.024,1.487,230,F
Jonas Blixt,2018,67,0.196,9.412,48,67,-0.791,-0.424,-0.563,0.196,-0.547,-26.236,-37.96,11.722,0.244,11.722,-0.563,-27.03,232,F
Patrick Rodgers,2018,97,0.034,2.498,73,97,-0.328,-0.039,-0.323,0.034,0.232,16.969,-23.964,40.932,0.561,40.932,-0.323,-23.59,233,F
Matt Every,2018,79,-0.314,-19.181,61,79,-0.775,-0.437,-0.024,-0.314,-1.139,-69.47,-47.268,-22.202,-0.364,-22.202,-0.024,-1.434,240,F
Chris Kirk,2018,108,0.19,18.204,96,108,0.659,-0.048,0.518,0.19,0.732,70.287,63.288,6.996,0.073,6.996,0.518,49.695,244,F
Lanto Griffin,2018,80,-0.084,-5.042,60,80,-0.173,-0.046,-0.043,-0.084,-0.268,-16.088,-10.354,-5.733,-0.096,-5.733,-0.043,-2.57,248,F
Brendan Steele,2018,74,-0.195,-10.535,54,74,0.604,0.557,0.243,-0.195,0.029,1.541,32.638,-31.096,-0.576,-31.096,0.243,13.103,251,F
Nick Taylor,2018,94,0.017,1.282,74,94,0.077,0.049,0.011,0.017,-0.235,-17.377,5.693,-23.072,-0.312,-23.072,0.011,0.818,255,F
Richy Werenski,2018,98,0.077,5.719,74,98,-0.014,0.077,-0.169,0.077,-0.124,-9.145,-1.058,-8.087,-0.109,-8.087,-0.169,-12.492,266,F
Anirban Lahiri,2018,82,0.12,8.053,67,82,-0.095,0.07,-0.285,0.12,0.104,6.977,-6.347,13.322,0.199,13.322,-0.285,-19.078,278,F
Johnson Wagner,2018,75,0.226,12.456,55,75,0.092,-0.213,0.078,0.226,0.715,39.339,5.049,34.292,0.623,34.292,0.078,4.304,282,F
Scott Brown,2018,102,-0.175,-14.172,81,102,-0.71,-0.265,-0.27,-0.175,-0.661,-53.53,-57.498,3.967,0.049,3.967,-0.27,-21.856,288,F
Trey Mullinax,2018,75,-0.207,-12.199,59,75,-0.144,0.506,-0.442,-0.207,-0.072,-4.231,-8.472,4.243,0.072,4.243,-0.442,-26.106,290,F
Shawn Stefani,2018,76,0.013,0.809,60,76,0.141,-0.093,0.22,0.013,0.107,6.42,8.464,-2.045,-0.034,-2.045,0.22,13.227,291,F
Cameron Tringale,2018,67,0.088,4.506,51,67,-0.915,-1.351,0.348,0.088,-1.019,-51.965,-46.678,-5.287,-0.104,-5.287,0.348,17.732,294,F
